value_ext,mapped_canon,score
finance,Finance (85.71428571428572%),85.71428571428572
operations,Opérations (80.0%),80.0
ventes,Ventes (83.33333333333334%),83.33333333333334
it,Support (60.00000000000001%),60.00000000000001
marketing,Marketing (88.88888888888889%),88.88888888888889
support,Support (85.71428571428572%),85.71428571428572
rh,rh,45.0
